,Frequency
data,858
experience,207
years,165
business,133
analysis,117
analyze,104
5,92
3,88
analyst,80
management,59
work,53
ability,48
analytics,48
strong,42
quality,41
role,39
knowledge,39
skills,38
minimum,37
systems,37
tools,35
support,34
reports,34
team,32
identify,32
project,31
develop,30
collect,30
using,29
analysts,29
reporting,29
detail,28
responsible,28
complex,27
including,27
requirements,27
sources,27
related,27
research,27
visualization,25
design,25
1,24
ensure,24
product,24
sql,23
process,23
development,23
required,23
use,22
provide,22
attention,22
collection,22
2,22
understanding,21
sets,21
models,21
working,20
preferred,20
degree,20
insights,19
system,19
solutions,19
perform,19
excel,19
driven,19
issues,19
new,19
proficiency,19
create,18
software,18
candidate,18
large,17
position,17
operations,17
projects,17
client,17
gather,17
analytical,17
services,17
integrity,17
various,17
program,17
processes,16
such,16
mining,16
maintain,16
internal,16
relevant,16
analyzing,16
technical,15
opportunities,15
high,15
industry,15
techniques,15
accuracy,15
modeling,15
plus,14
multiple,14
requires,14
key,14
analyzes,14
master,14
information,14
testing,14
4,14
financial,14
manage,14
review,13
teams,13
bachelor,13
basic,13
databases,13
health,13
statistical,13
office,13
job,13
customer,12
traffic,12
leaders,12
interpret,12
technology,12
tableau,12
needs,12
senior,12
mapping,12
collaborate,12
excellent,12
functional,12
assist,12
organization,12
report,12
similar,11
professional,11
digital,11
products,11
stakeholders,11
implement,11
analyses,11
proven,11
updated,10
distribute,10
conduct,10
expertise,10
intelligence,10
making,10
group,10
healthcare,10
processing,10
level,10
based,10
build,10
successful,10
determine,10
engineering,10
science,10
bi,10
field,10
decisions,10
ensuring,10
least,9
writing,9
include,9
ongoing,9
understand,9
advanced,9
documentation,9
monitor,9
find,9
building,9
days,9
cross,9
performance,9
7,9
user,9
track,9
make,9
generate,9
time,9
database,8
procedures,8
company,8
service,8
record,8
sales,8
market,8
external,8
individual,8
looking,8
10,8
efforts,8
compliance,8
queries,8
three,8
8,8
trends,8
warehouse,8
equivalent,8
000,8
evaluate,8
type,8
agency,8
collected,8
familiarity,8
contract,8
practices,8
communicate,8
which,8
week,7
directly,7
quantitative,7
implementation,7
flows,7
effectively,7
claims,7
maintains,7
big,7
help,7
plans,7
four,7
warehousing,7
gathering,7
test,7
engineer,7
identifying,7
delivering,7
ad,7
hours,7
maintenance,7
control,7
marketing,7
python,7
load,7
pharmaceutical,7
situations,7
significant,7
participate,7
lead,7
architecture,7
responsibilities,7
azure,7
governance,7
plan,7
staff,7
patterns,7
nj,7
assists,6
functions,6
platforms,6
months,6
integrated,6
findings,6
organized,6
12,6
focused,6
best,6
sap,6
clients,6
principles,6
needed,6
monitoring,6
delivery,6
both,6
duration,6
who,6
five,6
efficiency,6
etc,6
maintaining,6
duties,6
major,6
flow,6
year,6
cleaning,6
cycle,6
ba,6
problem,6
loan,6
relational,6
correct,6
operational,6
apply,6
resolve,6
finance,6
efficient,6
monthly,6
decision,6
solving,6
performing,6
player,6
why,6
requests,6
points,6
planning,6
hoc,6
microsoft,5
transformation,5
behavior,5
extract,5
validation,5
establish,5
department,5
produce,5
enterprise,5
execute,5
domain,5
methods,5
platform,5
apis,5
document,5
area,5
rules,5
medical,5
application,5
budget,5
improvement,5
experienced,5
baccalaureate,5
translate,5
oversee,5
present,5
progress,5
changes,5
accounting,5
necessary,5
children,5
leadership,5
proficient,5
manner,5
offered,5
passion,5
part,5
library,5
location,5
mappings,5
accurate,5
trading,5
model,5
programming,5
public,5
clinical,5
city,5
standards,5
positions,5
reference,5
schedule,5
hybrid,5
cases,5
secondary,5
via,5
media,5
extraction,5
what,5
tracking,5
supporting,5
inform,5
computer,5
results,5
questions,5
seeking,5
designing,5
6,5
full,5
power,5
ideal,5
recommendations,5
privacy,5
evaluation,5
summarize,5
effectiveness,5
investigation,5
drafting,5
training,5
prepare,5
strategic,5
able,5
2023,4
following,4
departments,4
resource,4
eligible,4
regulatory,4
meet,4
organizational,4
obtain,4
programs,4
well,4
suppliers,4
integration,4
care,4
oriented,4
2052a,4
nsfr,4
oracle,4
order,4
objectives,4
consulting,4
investment,4
volume,4
focus,4
capital,4
problems,4
york,4
manual,4
leading,4
remote,4
point,4
primary,4
security,4
strategy,4
agile,4
people,4
extracting,4
intellectual,4
crm,4
communication,4
available,4
direction,4
education,4
selected,4
reviewing,4
drive,4
improve,4
specifically,4
current,4
audits,4
effective,4
developers,4
join,4
etl,4
occupation,4
range,4
discrepancies,4
candidates,4
efficacy,4
define,4
root,4
view,4
structures,4
environment,4
querying,4
scrum,4
traceability,4
policy,4
two,4
execution,4
feedback,4
documenting,4
checks,4
variety,4
works,4
state,4
leverage,4
defining,4
compensation,4
applications,4
hands,4
validate,4
deployed,4
conclusions,4
draw,4
eam,4
mulesoft,4
driving,4
organize,4
file,4
tables,4
qa,4
consistent,4
ms,4
shared,4
architects,4
confidential,4
partner,4
vendor,4
banking,4
basis,4
resources,4
hour,4
closely,4
check,4
background,4
progressive,4
implementing,4
oversight,3
completing,3
providing,3
prioritize,3
owner,3
college,3
accredited,3
communicating,3
daily,3
entry,3
orientation,3
conversion,3
diploma,3
running,3
aggregation,3
downstream,3
insurance,3
credit,3
network,3
manipulate,3
identified,3
predictive,3
clean,3
cause,3
owns,3
recommend,3
kpi,3
aggregated,3
school,3
tool,3
salesforce,3
description,3
types,3
suite,3
records,3
date,3
operating,3
exploratory,3
performs,3
one,3
troubleshoot,3
demonstrated,3
improvements,3
most,3
demonstrate,3
function,3
setting,3
seasoned,3
engineers,3
regular,3
administration,3
multi,3
sabbatical,3
revenue,3
billing,3
raw,3
independently,3
tasks,3
analytic,3
change,3
address,3
posted,3
demonstrates,3
acceptable,3
creation,3
patient,3
identifies,3
mobile,3
collaborating,3
prior,3
consistency,3
protocols,3
web,3
written,3
configuration,3
serve,3
demand,3
dashboards,3
different,3
partners,3
profiling,3
strategies,3
audience,3
presentations,3
transfer,3
risk,3
educational,3
others,3
access,3
ideally,3
usisng,3
codes,3
vault,3
snowflake,3
described,3
21,3
programmatic,3
advise,3
diagnosed,3
query,3
autism,3
spectrum,3
day,3
claim,3
innovative,3
transaction,3
metadata,3
operate,3
aged,3
developmental,3
baseline,3
suburban,3
logistics,3
veeva,3
utilizing,3
propane,3
_collect,3
pay,3
scope,3
instrumental,3
source,3
sessions,3
graph,3
migration,3
flexible,3
benefits,3
interpreting,3
data_,3
bcba,3
contributes,3
efficiently,3
disorder,3
international,3
engagements,3
climate,3
creates,3
paid,3
continuous,3
errors,3
enhance,3
phases,3
assure,3
person,3
preferably,3
advance,3
thinking,3
areas,3
life,3
summit,3
edi,3
h1b,3
coordinate,3
collaboratively,3
used,3
tax,3
creative,3
pricing,3
methodologies,3
scoping,3
format,3
concepts,3
per,3
datasets,3
end,3
server,3
includes,3
manipulating,3
surveillance,3
frequent,3
initiatives,3
determining,3
smes,3
servicing,3
interest,2
compile,2
conceptual,2
university,2
target,2
visio,2
detecting,2
processed,2
diverse,2
treated,2
conducts,2
corporate,2
backlog,2
supervision,2
changing,2
rbts,2
social,2
bcats,2
pod,2
campus,2
paperwork,2
developed,2
update,2
connection,2
automate,2
visual,2
need,2
addressed,2
knowledgeable,2
academic,2
class,2
task,2
great,2
talent,2
inconsistencies,2
leveraging,2
steps,2
overall,2
overtime,2
probationary,2
period,2
180,2
essential,2
contributor,2
impact,2
runs,2
local,2
informed,2
metrics,2
structure,2
technologies,2
union,2
industries,2
updates,2
initiative,2
motivated,2
ai,2
stories,2
approved,2
50,2
sas,2
transactional,2
collateral,2
supervise,2
solution,2
25,2
36,2
weekly,2
ibx,2
rigorous,2
estimation,2
intake,2
completeness,2
risks,2
regulations,2
coding,2
developments,2
commitment,2
bring,2
pmo,2
helpful,2
consolidate,2
standard,2
action,2
take,2
loaded,2
sheets,2
co,2
measure,2
device,2
axiom,2
institutional,2
08,2
retirement,2
executive,2
fda,2
customers,2
subject,2
capabilities,2
fulfill,2
carries,2
synthesize,2
presentation,2
stack,2
bs,2
reliable,2
complete,2
right,2
legal,2
robust,2
acceptance,2
manager,2
mentioned,2
liaison,2
actuarial,2
conscious,2
growth,2
treatment,2
refinement,2
title,2
cell,2
formats,2
26,2
09,2
facilitate,2
audit,2
files,2
elements,2
rest,2
consume,2
food,2
production,2
energy,2
travel,2
ecosystem,2
elevates,2
narratives,2
law,2
hr,2
clearly,2
defined,2
inclusive,2
nyc,2
impacts,2
sourcing,2
40,2
home,2
enhanced,2
hiv,2
hepatitis,2
elicitation,2
wide,2
price,2
interfaces,2
culture,2
flag,2
fields,2
govern,2
maximize,2
publicly,2
detailed,2
acquire,2
pseg,2
gaps,2
trades,2
800,2
reduce,2
utilize,2
grow,2
preprocessing,2
outcomes,2
specific,2
languages,2
code,2
developing,2
further,2
tabular,2
ehr,2
legacy,2
deliver,2
applicable,2
collecting,2
inventories,2
global,2
designs,2
articulates,2
dictionaries,2
therapy,2
post,2
set,2
bes,2
curate,2
salary,2
tech,2
currently,2
map,2
sme,2
generation,2
next,2
multitude,2
describe,2
intended,2
noted,2
discover,2
central,2
disparate,2
oversees,2
experts,2
center,2
voice,2
researching,2
more,2
fun,2
recharge,2
unplug,2
feeds,2
amazon,2
pertinent,2
values,2
erroneous,2
come,2
missing,2
failures,2
investigating,2
pension,2
census,2
participant,2
convert,2
administrative,2
conducting,2
managers,2
savvy,2
algorithms,2
limited,2
junior,2
student,2
foundation,2
comfortable,2
mdm,2
alignment,2
studies,2
jersey,2
advertiser,2
develops,2
centered,2
deliverables,2
google,2
assurance,2
involves,2
derivatives,2
qualitative,2
visualizations,2
fraud,2
actionable,2
executives,2
assess,2
survey,2
month,2
ll,2
cost,2
trending,2
summary,2
site,2
utilizes,2
gap,2
wrangling,2
answer,2
aspects,2
created,2
prepares,2
modelling,2
applied,2
cleansing,2
78,2
91,2
graphs,2
agreements,2
corps,2
masters,2
facilitates,2
locations,2
publisher,2
consultancy,2
geometry,2
labor,2
ways,2
additional,2
flourish,2
human,2
transforming,2
datawrapper,2
payroll,2
thorough,2
concise,2
accordance,2
investigate,2
increase,2
events,2
schedules,2
205,2
pipelines,2
royalties,2
underpayments,2
relations,2
important,2
somerset,2
integrates,2
potential,2
ave,2
implemented,2
objects,2
original,2
anomalies,2
davidson,2
balances,2
microstrategy,2
enabling,2
08873,2
promote,2
provides,2
website,2
clear,2
cars,2
265,2
activities,2
loading,2
roles,2
release,1
relocation,1
derivative,1
front,1
actual,1
definition,1
equivalency,1
costing,1
progressively,1
amounts,1
deep,1
disseminate,1
satisfactory,1
ensures,1
accountant,1
pre,1
paperless,1
pivotal,1
invalid,1
comprehensive,1
measures,1
null,1
spreadsheets,1
actions,1
housing,1
devise,1
policies,1
schemas,1
star,1
quota,1
dimensional,1
troubleshooting,1
matched,1
elicit,1
allocation,1
escalate,1
repositories,1
verification,1
methodology,1
customization,1
computing,1
distributed,1
algorithm,1
spark,1
acs,1
affordable,1
accomplishments,1
visualize,1
surveys,1
trees,1
logic,1
sipocs,1
flowcharting,1
cash,1
whys,1
assimilate,1
remain,1
sovereignty,1
factors,1
regionalization,1
diagramming,1
fishbone,1
categorizing,1
gathered,1
study,1
national,1
regional,1
quickly,1
markets,1
lieu,1
personalization,1
representative,1
usable,1
ontologies,1
fashion,1
upper,1
harmonize,1
deal,1
contribute,1
exp,1
landscape,1
core,1
mandatory,1
plainsboro,1
ever,1
supported,1
80,1
assessments,1
uses,1
toll,1
discovery,1
reorganizing,1
bridgewater,1
managing,1
summarizes,1
interdependencies,1
actuaries,1
communications,1
reviews,1
recommends,1
edison,1
segments,1
either,1
24,1
imwm,1
ewm,1
coordination,1
designers,1
onsite,1
oltp,1
shift,1
collaborates,1
materials,1
showcase,1
blood,1
extractions,1
modify,1
electronic,1
rod003,1
drugs,1
always,1
hire,1
cgi,1
prioritized,1
enhancements,1
trade,1
trains,1
graphing,1
long,1
priced,1
display,1
establishes,1
highly,1
compelling,1
critical,1
rate,1
liquidity,1
api,1
approval,1
writer,1
dexterity,1
mart,1
committed,1
wholly,1
initial,1
loader,1
input,1
write,1
ordinate,1
enrichment,1
intervention,1
leader,1
play,1
amount,1
streamline,1
manufacturing,1
uos,1
diagrams,1
listings,1
accelerate,1
outbound,1
sdlc,1
verifying,1
means,1
sciences,1
achieve,1
clearview,1
aren,1
crms,1
0,1
just,1
erp,1
pharma,1
chargeback,1
movement,1
practiced,1
enhancing,1
align,1
completely,1
possess,1
conditions,1
profitability,1
collaboration,1
proactively,1
sleeves,1
alerts,1
elsewhere,1
acams,1
assigned,1
convey,1
environments,1
done,1
manually,1
defects,1
detect,1
division,1
controls,1
fee,1
rvu,1
practice,1
friendly,1
preparing,1
sample,1
segmentation,1
willing,1
roll,1
concerning,1
iff,1
involved,1
factory,1
bricks,1
lake,1
mba,1
cs,1
projection,1
street,1
cyber,1
future,1
outstanding,1
vs,1
case,1
individuals,1
entail,1
partnership,1
entrepreneurial,1
close,1
retention,1
territory,1
draft,1
storing,1
specifications,1
ahead,1
adjustments,1
sprints,1
internally,1
math,1
supervisor,1
custom,1
weaknesses,1
broker,1
forwarder,1
columns,1
entities,1
operation,1
strengths,1
own,1
fusion,1
complexity,1
365,1
dynamics,1
ideas,1
directing,1
certification,1
specialized,1
scientist,1
possesses,1
resolutions,1
catalog,1
promotions,1
campaigns,1
acadiasoft,1
sound,1
merchandizing,1
activates,1
offshore,1
act,1
builds,1
relationships,1
championing,1
establishing,1
prepared,1
ny,1
plains,1
white,1
founded,1
transparent,1
bachelors,1
gelfand,1
combined,1
ex,1
creating,1
history,1
focusing,1
opt,1
applying,1
inbound,1
concern,1
00,1
constituents,1
centers,1
contact,1
pulled,1
performed,1
manipulations,1
warehouses,1
iii,1
leads,1
adequate,1
1967,1
rennert,1
workload,1
truly,1
decades,1
aba,1
collects,1
j2ee,1
java,1
possibility,1
extensions,1
ceremonies,1
export,1
producing,1
primarily,1
sr,1
internship,1
guidewire,1
certified,1
especially,1
ace,1
clearing,1
deadlines,1
stated,1
lives,1
feldman,1
electric,1
located,1
grf,1
technically,1
operates,1
active,1
relate,1
stage,1
status,1
149,1
90,1
gas,1
brand,1
visuals,1
quantities,1
easily,1
understood,1
projections,1
size,1
estimate,1
firm,1
productivity,1
matter,1
75,1
corporation,1
2b,1
trusted,1
enabled,1
provider,1
serving,1
nearly,1
million,1
small,1
businesses,1
600,1
already,1
institutions,1
60,1
expectation,1
fundamental,1
match,1
rates,1
causes,1
flexibility,1
ot,1
productive,1
lineage,1
good,1
optimizing,1
architectures,1
doing,1
powerpoint,1
optimize,1
recruiters,1
deluxe,1
produced,1
receive,1
features,1
visit,1
www,1
audigent,1
com,1
superior,1
explained,1
continually,1
provided,1
exposure,1
expenses,1
indicators,1
agencies,1
omb,1
assembles,1
mayor,1
liaise,1
stewards,1
seeks,1
provisions,1
timely,1
sector,1
federal,1
handle,1
demanding,1
visa,1
citizen,1
ng911,1
9,1
telephony,1
please,1
don,1
hiring,1
follow,1
joining,1
chubb,1
evolve,1
familiar,1
measured,1
gauge,1
height,1
forms,1
interpretation,1
weather,1
language,1
capturing,1
acquisition,1
applicant,1
fp,1
fulfilled,1
ipsos,1
integrate,1
providers,1
run,1
summaries,1
tests,1
pdlims,1
resolving,1
workflows,1
option,1
statistics,1
formulas,1
force,1
retrieval,1
examination,1
63,1
extensive,1
110,1
filing,1
gc,1
scale,1
documented,1
established,1
charged,1
joins,1
associations,1
manipulation,1
accumulated,1
context,1
collaborative,1
clinicians,1
computational,1
once,1
agreed,1
iqvia,1
supportive,1
exchanges,1
hedis,1
metroplushealth,1
employer,1
b2b,1
companies,1
accounts,1
payable,1
discrepencies,1
uploads,1
value,1
later,1
budgets,1
author,1
figures,1
carry,1
alteryx,1
pipelining,1
telescopes,1
space,1
likelihood,1
enrollment,1
cleans,1
messaging,1
collegeapp,1
hubble,1
pursuing,1
first,1
publications,1
2008,1
array,1
condor,1
optimal,1
download,1
move,1
needle,1
satisfaction,1
keep,1
verifies,1
tandem,1
existing,1
deriving,1
broader,1
org,1
confidentiality,1
observing,1
sharing,1
pursuant,1
story,1
adobe,1
tell,1
passionate,1
innovation,1
networks,1
freelancer,1
engage,1
consumer,1
goals,1
economic,1
asap,1
capture,1
variances,1
id,1
cunyfirst,1
eye,1
handy,1
spatial,1
documents,1
attributes,1
prt,1
installation,1
overnight,1
batch,1
caused,1
submissions,1
subpoenas,1
exchange,1
administer,1
incorporating,1
accessibility,1
attractiveness,1
assessing,1
perinatal,1
responding,1
spds,1
machine,1
learning,1
mentor,1
super,1
powers,1
ambiguity,1
solve,1
senses,1
autonomy,1
ownership,1
bridge,1
reconcile,1
subledger,1
general,1
ledger,1
misaligned,1
mi,1
fellows,1
pursue,1
possession,1
evaluating,1
programmer,1
navigating,1
pharmacy,1
ver,1
sectors,1
hypotheses,1
variables,1
creativity,1
turn,1
unique,1
opportunity,1
dynamic,1
side,1
integrating,1
online,1
prevention,1
live,1
lifecycle,1
deadline,1
schooling,1
granularity,1
looker,1
dashboarding,1
methodical,1
discoveries,1
coordinates,1
exploration,1
member,1
consumption,1
remediate,1
collate,1
aggregating,1
timelines,1
guidelines,1
hxgn,1
json,1
adequacy,1
gathers,1
nyu,1
langone,1
funds,1
organizing,1
scientific,1
alterations,1
systematic,1
affecting,1
descriptive,1
slicing,1
dicing,1
ssis,1
ssrs,1
bureau,1
additionally,1
32bj,1
benefit,1
umbrella,1
world,1
administering,1
savings,1
hipaa,1
criminal,1
justice,1
possible,1
posting,1
15,1
2022,1
acquiring,1
expert,1
28,1
hundreds,1
facing,1
compiling,1
hear,1
want,1
vlookups,1
arm,1
sufficient,1
result,1
meets,1
ingestion,1
modules,1
feed,1
productionize,1
little,1
ferry,1
automated,1
retail,1
omni,1
channel,1
users,1
fro,1
aptitude,1
capable,1
modification,1
llm,1
particularly,1
navigate,1
uncertainty,1
dig,1
generous,1
pto,1
substantial,1
merging,1
pivot,1
cleanup,1
conversions,1
import,1
wise,1
blue,1
bas,1
bsas,1
sits,1
matrix,1
overseeing,1
together,1
impeccable,1
enthusiasm,1
accuracies,1
government,1
volumes,1
supports,1
colleague,1
mufg,1
sites,1
discipline,1
translates,1
members,1
escrow,1
pulling,1
simple,1
upsells,1
generating,1
optimizations,1
reimbursable,1
ascertain,1
appropriate,1
ta,1
independence,1
barrow,1
netsuite,1
markdown,1
quick,1
briefings,1
continuity,1
ito,1
iselin,1
_this,1
coo,1
attend,1
virtual,1
meetings,1
domestic,1
wait,1
welcome,1
environmental,1
natural,1
pollution,1
suffolk,1
county,1
amazing,1
technologists,1
thinkers,1
look,1
soft,1
brilliant,1
minds,1
often,1
note,1
outlier,1
replenish,1
requisite,1
protocol,1
fix,1
wmo,1
svcs,1
obtaining,1
deposit,1
ldti,1
automation,1
epic,1
uhr,1
info,1
virtually,1
extremely,1
eight,1
mix,1
provision,1
youth,1
requirement,1
require,1
tagging,1
outputs,1
seek,1
sophisticated,1
commentary,1
studio,1
insight,1
synthesis,1
investigative,1
graphic,1
charting,1
illustrative,1
devices,1
admin,1
workforce,1
dependencies,1
orientated,1
known,1
excellence,1
associate,1
consist,1
dept,1
interview,1
october,1
19,1
november,1
responds,1
verbal,1
handling,1
vetting,1
speaking,1
disciplinary,1
dry,1
lab,1
fulfilling,1
owners,1
diagnose,1
uncover,1
hidden,1
interactive,1
phone,1
call,1
evidence,1
measuring,1
forecasting,1
ohr,1
rationalize,1
converting,1
mysql,1
401k,1
discounts,1
low,1
attitude,1
participating,1
enjoying,1
lots,1
free,1
swag,1
showcasing,1
gained,1
copy,1
sds,1
base,1
found,1
open,1
honest,1
auditing,1
non,1
reserve,1
gis,1
20,1
things,1
cohesive,1
structuring,1
temporary,1
permanent,1
preference,1
given,1
exploring,1
employee,1
salaries,1
parquet,1
competitive,1
psv,1
regression,1
v6,1
specialist,1
contracts,1
tracks,1
departmental,1
produces,1
cook,1
ru,1
brunswick,1
whole,1
amongst,1
board,1
tertiary,1
think,1
strategically,1
depth,1
self,1
insured,1
costs,1
scientists,1
alongside,1
trials,1
entering,1
submitting,1
specialists,1
infrastructure,1
offers,1
unanticipated,1
